seed,sample,ranking_score
1,0,0.9528642575693914
1,1,0.9581292567347038
1,2,0.9546797448008582
1,3,0.9544229957637705
1,4,0.9602671946487855
