seed,sample,ranking_score
1,0,0.738105155957771
1,1,0.7425381491099801
1,2,0.7616519160907848
1,3,0.7092567140904786
1,4,0.7447291651068364
