seed,sample,ranking_score
1,0,0.8223908439763382
1,1,0.84645516647463
1,2,0.832996149409494
1,3,0.8431526042934214
1,4,0.8356591242285263
