seed,sample,ranking_score
1,0,-99.17353644130161
1,1,-99.17353644130161
1,2,-99.17353644130161
1,3,-99.17353644130161
1,4,-99.17353644130161
